Applicant_ID,Age,Income,Employment_Status,Credit_Score,Loan_Amount,Loan_Term_Months,Existing_Debt,Marital_Status,Loan_Status
A001,28,23278,Student,550,167026,24,193061,Single,Approved
A002,55,31395,Unemployed,332,65622,12,57314,Single,Rejected
A003,53,98907,Salaried,503,425400,60,109974,Single,Approved
A004,49,97236,Student,306,447833,24,183013,Married,Rejected0
A005,42,56421,Self-Employed,520,450290,36,26793,Single,Approved
A006,45,32676,Student,652,366526,36,11390,Married,Approved
A007,55,36361,Unemployed,380,339428,36,164794,Married,Rejected
A008,57,45203,Salaried,346,396692,24,75861,Single,Rejected
A009,35,33238,Unemployed,584,287717,36,42638,Married,Approved
A010,43,47460,Student,373,369360,24,140021,Single,Rejected
A011,31,80589,Unemployed,576,385544,60,57570,Married,Approved
A012,24,50021,Salaried,623,260325,36,17350,Single,Approved
A013,57,114098,Student,517,393638,48,103712,Married,Approved
A014,30,54718,Self-Employed,552,440588,60,141289,Married,Approved
A015,58,76155,Unemployed,670,164987,24,133569,Married,Approved
A016,26,119061,Salaried,412,130132,24,178384,Married,Rejected
A017,59,28326,Unemployed,690,362417,48,138704,Married,Approved
A018,56,21504,Salaried,849,443676,36,168024,Married,Approved
A019,28,58469,Unemployed,461,287881,12,189292,Married,Rejected
A020,53,119871,Self-Employed,819,105789,36,167496,Single,Approved
A021,30,69009,Self-Employed,843,50299,60,84975,Married,Approved
A022,22,34662,Student,614,175541,12,63143,Single,Approved
A023,26,115932,Unemployed,370,448774,60,32967,Single,Rejected
A024,51,92063,Self-Employed,571,326653,60,110923,Single,Approved
A025,55,118994,Self-Employed,619,259186,36,114845,Married,Approved
A026,28,52493,Self-Employed,365,227254,12,154221,Single,Rejected
A027,58,48864,Salaried,372,421112,12,60015,Single,Rejected
A028,23,63309,Salaried,826,174782,36,175368,Married,Approved
A029,34,90678,Self-Employed,784,177400,48,106708,Single,Approved
A030,27,32704,Unemployed,662,272077,48,122427,Single,Approved
A031,27,27944,Unemployed,647,469741,12,65183,Single,Approved
A032,33,90292,Unemployed,443,271187,24,73018,Married,Approved
A033,36,29880,Unemployed,400,76522,60,3868,Single,Rejected
A034,36,41798,Unemployed,797,302370,24,105130,Single,Approved
A035,31,69672,Salaried,699,189042,48,74776,Married,Approved
A036,56,106752,Unemployed,458,149561,36,57068,Single,Approved
A037,58,116434,Salaried,621,79971,12,153138,Married,Approved
A038,53,89615,Self-Employed,358,316248,12,48712,Single,Rejected
A039,59,28907,Self-Employed,713,112855,60,64543,Single,Approved
A040,60,30745,Unemployed,835,215868,36,53545,Married,Approved
A041,36,54814,Unemployed,434,402159,36,119858,Married,Rejected
A042,25,21220,Unemployed,402,88409,60,55877,Married,Rejected
A043,29,65745,Salaried,550,243738,36,41352,Married,Approved
A044,55,112214,Student,841,54101,60,78480,Single,Approved
A045,29,54664,Salaried,409,439240,60,40749,Married,Rejected
A046,39,99276,Self-Employed,651,156743,36,132489,Married,Approved
A047,37,26658,Salaried,733,484817,36,11557,Single,Approved
A048,42,37146,Student,465,438618,48,144619,Married,Rejected
A049,56,21267,Salaried,377,412293,24,143023,Single,Rejected
A050,44,96350,Self-Employed,740,116818,12,80808,Married,Approved
A051,23,66898,Self-Employed,555,399665,12,92714,Married,Approved
A052,60,118235,Self-Employed,542,135197,24,108080,Single,Approved
A053,32,116542,Student,721,470602,24,69941,Single,Approved
A054,27,70140,Salaried,781,166619,24,120665,Married,Approved
A055,40,49831,Self-Employed,324,396047,24,104455,Married,Rejected
A056,38,29099,Student,659,386321,60,104773,Married,Approved
A057,22,35118,Student,482,354396,36,10028,Single,Approved
A058,59,76959,Student,621,278796,60,134066,Single,Approved
A059,45,95574,Self-Employed,560,73271,48,443,Single,Approved
A060,44,76531,Salaried,638,376712,36,173903,Single,Approved
A061,40,86469,Student,718,221013,48,182769,Married,Approved
A062,56,36683,Self-Employed,730,398614,48,177554,Single,Approved
A063,60,94593,Student,715,337276,12,79658,Married,Approved
A064,34,76346,Student,776,281623,48,177111,Single,Approved
A065,53,82021,Self-Employed,386,198785,60,174025,Married,Rejected
A066,26,118453,Self-Employed,617,167776,24,38627,Single,Approved
A067,23,52092,Unemployed,374,288769,48,165089,Single,Rejected
A068,45,84799,Unemployed,549,127369,12,196860,Single,Approved
A069,48,48683,Self-Employed,830,293557,12,146120,Single,Approved
A070,28,79829,Self-Employed,775,400002,60,146518,Married,Approved
A071,49,100301,Unemployed,756,133444,48,117983,Married,Approved
A072,36,103579,Student,833,304068,24,71984,Married,Approved
A073,25,113525,Student,540,192456,36,83809,Single,Approved
A074,29,39769,Self-Employed,692,413829,24,185183,Single,Approved
A075,25,74377,Unemployed,638,334484,48,108992,Single,Approved
A076,34,75069,Unemployed,320,499174,60,99714,Married,Rejected
A077,21,66105,Student,699,497452,48,141091,Single,Approved
A078,52,48760,Student,746,304616,12,101936,Married,Approved
A079,46,114919,Self-Employed,778,116913,60,140017,Single,Approved
A080,46,97580,Salaried,385,386985,48,35572,Married,Rejected
A081,32,26590,Student,688,221627,24,119196,Married,Approved
A082,42,119775,Unemployed,584,444269,48,66131,Single,Approved
A083,51,22540,Salaried,658,167556,12,170853,Single,Approved
A084,22,52411,Self-Employed,320,375758,24,62533,Single,Rejected
A085,51,107747,Salaried,523,293811,36,96703,Single,Approved
A086,59,99593,Salaried,467,213073,12,151698,Single,Approved
A087,40,95470,Unemployed,706,424873,24,19922,Single,Approved
A088,27,111382,Student,423,467452,60,10766,Married,Approved
A089,55,76148,Student,370,315269,36,3316,Married,Rejected
A090,52,33833,Unemployed,670,383229,48,185416,Single,Approved
A091,48,43086,Student,795,293727,48,191634,Married,Approved
A092,41,52177,Salaried,585,286350,24,196732,Married,Approved
A093,57,99997,Unemployed,644,65047,48,85200,Single,Approved
A094,52,47802,Student,564,228435,36,156278,Married,Approved
A095,56,21330,Self-Employed,387,176540,48,128077,Single,Rejected
A096,51,104659,Unemployed,758,465725,12,24393,Married,Approved
A097,35,73005,Self-Employed,613,398106,60,96736,Married,Approved
A098,56,89588,Student,735,441084,60,86714,Married,Approved
A099,50,55509,Student,557,170868,12,189080,Single,Approved
A100,41,35670,Self-Employed,496,163447,48,72482,Married,Approved
